Region,Avg_GP_FTE,Avg_Staff_FTE,Total_FTE,Num_Sub_ICBs,Num_ICBs,Pct_of_National,FTE_per_Sub_ICB
E40000011,5056.213307917663,4893.321604899466,9949.53491281713,19,11,25.448956870747658,523.6597322535331
E40000012,4133.856852919577,4000.679919551069,8134.536772470647,23,4,20.806547974361706,353.67551184654985
E40000003,3941.252334682226,3814.2803764747846,7755.53271115701,5,5,19.83712999706673,1551.106542231402
E40000005,3896.1735270923505,3770.6538343039424,7666.827361396293,11,6,19.610239128292857,696.9843055814812
E40000006,2840.561177522528,2749.0492456565485,5589.610423179076,7,7,14.297126029531062,798.515774739868
